"Component","n","percent"
"Behaviour",26,9.38628158844765
"Biodiversity",187,67.5090252707581
"Breeding",47,16.9675090252708
"Demographics/Patterns",45,16.2454873646209
"Foraging",1,0.36101083032491
"Resources",6,2.16606498194946
"Survival",26,9.38628158844765
