"Component","n","percent"
"Behaviour",17,6.13718411552347
"Biodiversity",167,60.2888086642599
"Breeding",28,10.1083032490975
"Demographics/Patterns",32,11.5523465703971
"Foraging",1,0.36101083032491
"Resources",4,1.44404332129964
"Survival",37,13.3574007220217
