"Component","n","percent"
"Canopy cover",25,14.792899408284
"Composition",101,59.7633136094675
"Connectivity",3,1.77514792899408
"Diversity metric",3,1.77514792899408
"Exotic/invasive species",5,2.9585798816568
"Forested area",17,10.0591715976331
"Fragmentation",1,0.591715976331361
"Individual tree management",25,14.792899408284
"Land use type",86,50.887573964497
"Native species",13,7.69230769230769
